symbol,base_currency_desc,website,circulating_supply,max_supply,token_symbol,tweet_count,total_likes,total_retweets,total_impressions,twitter_score,post_count,total_upvotes,total_comments,total_score,reddit_score,has_twitter,has_reddit,twitter_power,reddit_power,social_power_score,twitter_engagement_rate,reddit_engagement_rate,quality_score
DJEDUSD,Djed,"['https://djed.xyz/', 'https://coti.io']",3293404.07,1000000000000,DJED,13.0,456.0,77.0,9450.0,704.5,0.0,0.0,0.0,0.0,0.0,True,False,50.90722528524666,0.0,20.362890114098665,35.08,0.0,35.08
AMPLUSD,Ampleforth,['https://www.ampleforth.org/'],28274493.6,,AMPL,20.0,152.0,100.0,2835.0,380.35,100.0,518.0,606.0,518.0,2336.0,True,True,27.484120847755243,60.408585466770106,47.238799619164155,7.6,6.06,13.66
KAUUSD,Kinesis Gold,['https://kinesis.money/'],2464763.11,,KAU,33.0,204.0,24.0,26742.0,519.4200000000001,109.0,165.0,57.0,165.0,336.0,True,True,37.53332996119635,8.688906128782001,20.22667566174774,6.18,0.52,6.7
EURCVUSD,EUR CoinVertible,['https://www.sgforge.com/product/coinvertible/'],65755949,,EURCV,13.0,79.0,8.0,12749.0,222.49,0.0,0.0,0.0,0.0,0.0,True,False,16.07714485977932,0.0,6.430857943911729,6.08,0.0,6.08
USRUSD,Resolv USR,['https://resolv.xyz/'],273286846.47,,USR,11.0,19.0,2.0,814.0,31.14,0.0,0.0,0.0,0.0,0.0,True,False,2.2501788436942243,0.0,0.9000715374776898,1.73,0.0,1.73
EURCUSD,EURC,['https://www.circle.com'],287676766.6193551,,EURC,18.0,26.0,0.0,1476.0,40.76,0.0,0.0,0.0,0.0,0.0,True,False,2.945320798618387,0.0,1.1781283194473549,1.44,0.0,1.44
EURAUSD,Angle Protocol,"['https://angle.money', 'https://app.angle.money']",27055701,,EURA,200.0,112.0,4.0,2845.0,148.45,6.0,9.0,3.0,9.0,18.0,True,True,10.727008649531394,0.46547711404189296,4.570089728237693,0.56,0.5,1.06
CEURUSD,Celo Euro,['https://celo.org/#ceur'],3170073.77353703,,CEUR,9.0,6.0,0.0,141.0,7.41,0.0,0.0,0.0,0.0,0.0,True,False,0.5354471814956392,0.0,0.2141788725982557,0.67,0.0,0.67
FEIUSD,Fei USD,['https://fei.money/'],3342595.66001866,,FEI,19.0,5.0,0.0,1235.0,17.35,0.0,0.0,0.0,0.0,0.0,True,False,1.2537123615316248,0.0,0.5014849446126499,0.26,0.0,0.26
